id,first_name,last_name,email,gender,ip_address
id,first_name,last_name,email,gender,ip_address
id,first_name,last_name,email,gender,ip_address
id,first_name,last_name,email,gender,ip_address
id,first_name,last_name,email,gender,ip_address
id,first_name,last_name,email,gender,ip_address
id,first_name,last_name,email,gender,ip_address
id,first_name,last_name,email,gender,ip_address
id,first_name,last_name,email,gender,ip_address
id,first_name,last_name,email,gender,ip_address
id,first_name,last_name,email,gender,ip_address
id,first_name,last_name,email,gender,ip_address
id,first_name,last_name,email,gender,ip_address
id,first_name,last_name,email,gender,ip_address
id,first_name,last_name,email,gender,ip_address
id,first_name,last_name,email,gender,ip_address
id,first_name,last_name,email,gender,ip_address
id,first_name,last_name,email,gender,ip_address
id,first_name,last_name,email,gender,ip_address
id,first_name,last_name,email,gender,ip_address
id,first_name,last_name,email,gender,ip_address
id,first_name,last_name,email,gender,ip_address
id,first_name,last_name,email,gender,ip_address
id,first_name,last_name,email,gender,ip_address
id,first_name,last_name,email,gender,ip_address
id,first_name,last_name,email,gender,ip_address
id,first_name,last_name,email,gender,ip_address
id,first_name,last_name,email,gender,ip_address
id,first_name,last_name,email,gender,ip_address
id,first_name,last_name,email,gender,ip_address
id,first_name,last_name,email,gender,ip_address
id,first_name,last_name,email,gender,ip_address
id,first_name,last_name,email,gender,ip_address
id,first_name,last_name,email,gender,ip_address
id,first_name,last_name,email,gender,ip_address
id,first_name,last_name,email,gender,ip_address
id,first_name,last_name,email,gender,ip_address
id,first_name,last_name,email,gender,ip_address
id,first_name,last_name,email,gender,ip_address
id,first_name,last_name,email,gender,ip_address
id,first_name,last_name,email,gender,ip_address
id,first_name,last_name,email,gender,ip_address
id,first_name,last_name,email,gender,ip_address
id,first_name,last_name,email,gender,ip_address
id,first_name,last_name,email,gender,ip_address
id,first_name,last_name,email,gender,ip_address
id,first_name,last_name,email,gender,ip_address
id,first_name,last_name,email,gender,ip_address
id,first_name,last_name,email,gender,ip_address
id,first_name,last_name,email,gender,ip_address
id,first_name,last_name,email,gender,ip_address
id,first_name,last_name,email,gender,ip_address
id,first_name,last_name,email,gender,ip_address
id,first_name,last_name,email,gender,ip_address
id,first_name,last_name,email,gender,ip_address
id,first_name,last_name,email,gender,ip_address
id,first_name,last_name,email,gender,ip_address
id,first_name,last_name,email,gender,ip_address
id,first_name,last_name,email,gender,ip_address
id,first_name,last_name,email,gender,ip_address
id,first_name,last_name,email,gender,ip_address
id,first_name,last_name,email,gender,ip_address
id,first_name,last_name,email,gender,ip_address
id,first_name,last_name,email,gender,ip_address
id,first_name,last_name,email,gender,ip_address
id,first_name,last_name,email,gender,ip_address
id,first_name,last_name,email,gender,ip_address
id,first_name,last_name,email,gender,ip_address
id,first_name,last_name,email,gender,ip_address
id,first_name,last_name,email,gender,ip_address
id,first_name,last_name,email,gender,ip_address
id,first_name,last_name,email,gender,ip_address
id,first_name,last_name,email,gender,ip_address
id,first_name,last_name,email,gender,ip_address
id,first_name,last_name,email,gender,ip_address
id,first_name,last_name,email,gender,ip_address
id,first_name,last_name,email,gender,ip_address
id,first_name,last_name,email,gender,ip_address
id,first_name,last_name,email,gender,ip_address
id,first_name,last_name,email,gender,ip_address
id,first_name,last_name,email,gender,ip_address
id,first_name,last_name,email,gender,ip_address
id,first_name,last_name,email,gender,ip_address
id,first_name,last_name,email,gender,ip_address
id,first_name,last_name,email,gender,ip_address
id,first_name,last_name,email,gender,ip_address
id,first_name,last_name,email,gender,ip_address
id,first_name,last_name,email,gender,ip_address
id,first_name,last_name,email,gender,ip_address
id,first_name,last_name,email,gender,ip_address
id,first_name,last_name,email,gender,ip_address
id,first_name,last_name,email,gender,ip_address
id,first_name,last_name,email,gender,ip_address
id,first_name,last_name,email,gender,ip_address
id,first_name,last_name,email,gender,ip_address
id,first_name,last_name,email,gender,ip_address
id,first_name,last_name,email,gender,ip_address
id,first_name,last_name,email,gender,ip_address
id,first_name,last_name,email,gender,ip_address
id,first_name,last_name,email,gender,ip_address
id,first_name,last_name,email,gender,ip_address
id,first_name,last_name,email,gender,ip_address
id,first_name,last_name,email,gender,ip_address
id,first_name,last_name,email,gender,ip_address
id,first_name,last_name,email,gender,ip_address
id,first_name,last_name,email,gender,ip_address
id,first_name,last_name,email,gender,ip_address
id,first_name,last_name,email,gender,ip_address
id,first_name,last_name,email,gender,ip_address
id,first_name,last_name,email,gender,ip_address
id,first_name,last_name,email,gender,ip_address
id,first_name,last_name,email,gender,ip_address
id,first_name,last_name,email,gender,ip_address
id,first_name,last_name,email,gender,ip_address
id,first_name,last_name,email,gender,ip_address
id,first_name,last_name,email,gender,ip_address
id,first_name,last_name,email,gender,ip_address
id,first_name,last_name,email,gender,ip_address
id,first_name,last_name,email,gender,ip_address
id,first_name,last_name,email,gender,ip_address
id,first_name,last_name,email,gender,ip_address
id,first_name,last_name,email,gender,ip_address
id,first_name,last_name,email,gender,ip_address
id,first_name,last_name,email,gender,ip_address
id,first_name,last_name,email,gender,ip_address
id,first_name,last_name,email,gender,ip_address
id,first_name,last_name,email,gender,ip_address
id,first_name,last_name,email,gender,ip_address
id,first_name,last_name,email,gender,ip_address
id,first_name,last_name,email,gender,ip_address
id,first_name,last_name,email,gender,ip_address
id,first_name,last_name,email,gender,ip_address
id,first_name,last_name,email,gender,ip_address
id,first_name,last_name,email,gender,ip_address
id,first_name,last_name,email,gender,ip_address
id,first_name,last_name,email,gender,ip_address
id,first_name,last_name,email,gender,ip_address
id,first_name,last_name,email,gender,ip_address
id,first_name,last_name,email,gender,ip_address
id,first_name,last_name,email,gender,ip_address
id,first_name,last_name,email,gender,ip_address
id,first_name,last_name,email,gender,ip_address
id,first_name,last_name,email,gender,ip_address
id,first_name,last_name,email,gender,ip_address
id,first_name,last_name,email,gender,ip_address
id,first_name,last_name,email,gender,ip_address
id,first_name,last_name,email,gender,ip_address
id,first_name,last_name,email,gender,ip_address
id,first_name,last_name,email,gender,ip_address
id,first_name,last_name,email,gender,ip_address
id,first_name,last_name,email,gender,ip_address
id,first_name,last_name,email,gender,ip_address
id,first_name,last_name,email,gender,ip_address
id,first_name,last_name,email,gender,ip_address
id,first_name,last_name,email,gender,ip_address
id,first_name,last_name,email,gender,ip_address
id,first_name,last_name,email,gender,ip_address
id,first_name,last_name,email,gender,ip_address
id,first_name,last_name,email,gender,ip_address
id,first_name,last_name,email,gender,ip_address
id,first_name,last_name,email,gender,ip_address
id,first_name,last_name,email,gender,ip_address
id,first_name,last_name,email,gender,ip_address
id,first_name,last_name,email,gender,ip_address
id,first_name,last_name,email,gender,ip_address
id,first_name,last_name,email,gender,ip_address
id,first_name,last_name,email,gender,ip_address
id,first_name,last_name,email,gender,ip_address
id,first_name,last_name,email,gender,ip_address
id,first_name,last_name,email,gender,ip_address
id,first_name,last_name,email,gender,ip_address
id,first_name,last_name,email,gender,ip_address
id,first_name,last_name,email,gender,ip_address
id,first_name,last_name,email,gender,ip_address
id,first_name,last_name,email,gender,ip_address
id,first_name,last_name,email,gender,ip_address
id,first_name,last_name,email,gender,ip_address
id,first_name,last_name,email,gender,ip_address
id,first_name,last_name,email,gender,ip_address
id,first_name,last_name,email,gender,ip_address
id,first_name,last_name,email,gender,ip_address
id,first_name,last_name,email,gender,ip_address
id,first_name,last_name,email,gender,ip_address
id,first_name,last_name,email,gender,ip_address
id,first_name,last_name,email,gender,ip_address
id,first_name,last_name,email,gender,ip_address
id,first_name,last_name,email,gender,ip_address
id,first_name,last_name,email,gender,ip_address
id,first_name,last_name,email,gender,ip_address
id,first_name,last_name,email,gender,ip_address
id,first_name,last_name,email,gender,ip_address
id,first_name,last_name,email,gender,ip_address
id,first_name,last_name,email,gender,ip_address
id,first_name,last_name,email,gender,ip_address
id,first_name,last_name,email,gender,ip_address
id,first_name,last_name,email,gender,ip_address
id,first_name,last_name,email,gender,ip_address
id,first_name,last_name,email,gender,ip_address
id,first_name,last_name,email,gender,ip_address
id,first_name,last_name,email,gender,ip_address
id,first_name,last_name,email,gender,ip_address
id,first_name,last_name,email,gender,ip_address
id,first_name,last_name,email,gender,ip_address
id,first_name,last_name,email,gender,ip_address
id,first_name,last_name,email,gender,ip_address
id,first_name,last_name,email,gender,ip_address
id,first_name,last_name,email,gender,ip_address
id,first_name,last_name,email,gender,ip_address
id,first_name,last_name,email,gender,ip_address
id,first_name,last_name,email,gender,ip_address
id,first_name,last_name,email,gender,ip_address
id,first_name,last_name,email,gender,ip_address
id,first_name,last_name,email,gender,ip_address
id,first_name,last_name,email,gender,ip_address
id,first_name,last_name,email,gender,ip_address
id,first_name,last_name,email,gender,ip_address
id,first_name,last_name,email,gender,ip_address
id,first_name,last_name,email,gender,ip_address
id,first_name,last_name,email,gender,ip_address
id,first_name,last_name,email,gender,ip_address
id,first_name,last_name,email,gender,ip_address
id,first_name,last_name,email,gender,ip_address
id,first_name,last_name,email,gender,ip_address
id,first_name,last_name,email,gender,ip_address
id,first_name,last_name,email,gender,ip_address
id,first_name,last_name,email,gender,ip_address
id,first_name,last_name,email,gender,ip_address
id,first_name,last_name,email,gender,ip_address
id,first_name,last_name,email,gender,ip_address
id,first_name,last_name,email,gender,ip_address
id,first_name,last_name,email,gender,ip_address
id,first_name,last_name,email,gender,ip_address
id,first_name,last_name,email,gender,ip_address
id,first_name,last_name,email,gender,ip_address
id,first_name,last_name,email,gender,ip_address
id,first_name,last_name,email,gender,ip_address
id,first_name,last_name,email,gender,ip_address
id,first_name,last_name,email,gender,ip_address
id,first_name,last_name,email,gender,ip_address
id,first_name,last_name,email,gender,ip_address
id,first_name,last_name,email,gender,ip_address
id,first_name,last_name,email,gender,ip_address
id,first_name,last_name,email,gender,ip_address
id,first_name,last_name,email,gender,ip_address
id,first_name,last_name,email,gender,ip_address
id,first_name,last_name,email,gender,ip_address
id,first_name,last_name,email,gender,ip_address
id,first_name,last_name,email,gender,ip_address
id,first_name,last_name,email,gender,ip_address
id,first_name,last_name,email,gender,ip_address
id,first_name,last_name,email,gender,ip_address
id,first_name,last_name,email,gender,ip_address
id,first_name,last_name,email,gender,ip_address
id,first_name,last_name,email,gender,ip_address
id,first_name,last_name,email,gender,ip_address
id,first_name,last_name,email,gender,ip_address
id,first_name,last_name,email,gender,ip_address
id,first_name,last_name,email,gender,ip_address
id,first_name,last_name,email,gender,ip_address
id,first_name,last_name,email,gender,ip_address
id,first_name,last_name,email,gender,ip_address
id,first_name,last_name,email,gender,ip_address
id,first_name,last_name,email,gender,ip_address
id,first_name,last_name,email,gender,ip_address
id,first_name,last_name,email,gender,ip_address
id,first_name,last_name,email,gender,ip_address
id,first_name,last_name,email,gender,ip_address
id,first_name,last_name,email,gender,ip_address
id,first_name,last_name,email,gender,ip_address
id,first_name,last_name,email,gender,ip_address
id,first_name,last_name,email,gender,ip_address
id,first_name,last_name,email,gender,ip_address
id,first_name,last_name,email,gender,ip_address
id,first_name,last_name,email,gender,ip_address
id,first_name,last_name,email,gender,ip_address
id,first_name,last_name,email,gender,ip_address
id,first_name,last_name,email,gender,ip_address
id,first_name,last_name,email,gender,ip_address
id,first_name,last_name,email,gender,ip_address
id,first_name,last_name,email,gender,ip_address
id,first_name,last_name,email,gender,ip_address
id,first_name,last_name,email,gender,ip_address
id,first_name,last_name,email,gender,ip_address
id,first_name,last_name,email,gender,ip_address
id,first_name,last_name,email,gender,ip_address
id,first_name,last_name,email,gender,ip_address
id,first_name,last_name,email,gender,ip_address
id,first_name,last_name,email,gender,ip_address
id,first_name,last_name,email,gender,ip_address
id,first_name,last_name,email,gender,ip_address
id,first_name,last_name,email,gender,ip_address
id,first_name,last_name,email,gender,ip_address
id,first_name,last_name,email,gender,ip_address
id,first_name,last_name,email,gender,ip_address
id,first_name,last_name,email,gender,ip_address
id,first_name,last_name,email,gender,ip_address
id,first_name,last_name,email,gender,ip_address
id,first_name,last_name,email,gender,ip_address
id,first_name,last_name,email,gender,ip_address
id,first_name,last_name,email,gender,ip_address
id,first_name,last_name,email,gender,ip_address
id,first_name,last_name,email,gender,ip_address
id,first_name,last_name,email,gender,ip_address
id,first_name,last_name,email,gender,ip_address
id,first_name,last_name,email,gender,ip_address
id,first_name,last_name,email,gender,ip_address
id,first_name,last_name,email,gender,ip_address
id,first_name,last_name,email,gender,ip_address
id,first_name,last_name,email,gender,ip_address
id,first_name,last_name,email,gender,ip_address
id,first_name,last_name,email,gender,ip_address
id,first_name,last_name,email,gender,ip_address
id,first_name,last_name,email,gender,ip_address
id,first_name,last_name,email,gender,ip_address
id,first_name,last_name,email,gender,ip_address
id,first_name,last_name,email,gender,ip_address
id,first_name,last_name,email,gender,ip_address
id,first_name,last_name,email,gender,ip_address
id,first_name,last_name,email,gender,ip_address
id,first_name,last_name,email,gender,ip_address
id,first_name,last_name,email,gender,ip_address
id,first_name,last_name,email,gender,ip_address
id,first_name,last_name,email,gender,ip_address
id,first_name,last_name,email,gender,ip_address
id,first_name,last_name,email,gender,ip_address
id,first_name,last_name,email,gender,ip_address
id,first_name,last_name,email,gender,ip_address
id,first_name,last_name,email,gender,ip_address
id,first_name,last_name,email,gender,ip_address
id,first_name,last_name,email,gender,ip_address
id,first_name,last_name,email,gender,ip_address
id,first_name,last_name,email,gender,ip_address
id,first_name,last_name,email,gender,ip_address
id,first_name,last_name,email,gender,ip_address
id,first_name,last_name,email,gender,ip_address
id,first_name,last_name,email,gender,ip_address
id,first_name,last_name,email,gender,ip_address
id,first_name,last_name,email,gender,ip_address
id,first_name,last_name,email,gender,ip_address
id,first_name,last_name,email,gender,ip_address
id,first_name,last_name,email,gender,ip_address
id,first_name,last_name,email,gender,ip_address
id,first_name,last_name,email,gender,ip_address
id,first_name,last_name,email,gender,ip_address
id,first_name,last_name,email,gender,ip_address
id,first_name,last_name,email,gender,ip_address
id,first_name,last_name,email,gender,ip_address
id,first_name,last_name,email,gender,ip_address
id,first_name,last_name,email,gender,ip_address
id,first_name,last_name,email,gender,ip_address
id,first_name,last_name,email,gender,ip_address
id,first_name,last_name,email,gender,ip_address
id,first_name,last_name,email,gender,ip_address
id,first_name,last_name,email,gender,ip_address
id,first_name,last_name,email,gender,ip_address
id,first_name,last_name,email,gender,ip_address
id,first_name,last_name,email,gender,ip_address
id,first_name,last_name,email,gender,ip_address
id,first_name,last_name,email,gender,ip_address
id,first_name,last_name,email,gender,ip_address
id,first_name,last_name,email,gender,ip_address
id,first_name,last_name,email,gender,ip_address
id,first_name,last_name,email,gender,ip_address
id,first_name,last_name,email,gender,ip_address
id,first_name,last_name,email,gender,ip_address
id,first_name,last_name,email,gender,ip_address
id,first_name,last_name,email,gender,ip_address
id,first_name,last_name,email,gender,ip_address
id,first_name,last_name,email,gender,ip_address
id,first_name,last_name,email,gender,ip_address
id,first_name,last_name,email,gender,ip_address
id,first_name,last_name,email,gender,ip_address
id,first_name,last_name,email,gender,ip_address
id,first_name,last_name,email,gender,ip_address
id,first_name,last_name,email,gender,ip_address
id,first_name,last_name,email,gender,ip_address
id,first_name,last_name,email,gender,ip_address
id,first_name,last_name,email,gender,ip_address
id,first_name,last_name,email,gender,ip_address
id,first_name,last_name,email,gender,ip_address
id,first_name,last_name,email,gender,ip_address
id,first_name,last_name,email,gender,ip_address
id,first_name,last_name,email,gender,ip_address
id,first_name,last_name,email,gender,ip_address
id,first_name,last_name,email,gender,ip_address
id,first_name,last_name,email,gender,ip_address
id,first_name,last_name,email,gender,ip_address
id,first_name,last_name,email,gender,ip_address
id,first_name,last_name,email,gender,ip_address
id,first_name,last_name,email,gender,ip_address
id,first_name,last_name,email,gender,ip_address
id,first_name,last_name,email,gender,ip_address
id,first_name,last_name,email,gender,ip_address
id,first_name,last_name,email,gender,ip_address
id,first_name,last_name,email,gender,ip_address
id,first_name,last_name,email,gender,ip_address
id,first_name,last_name,email,gender,ip_address
id,first_name,last_name,email,gender,ip_address
id,first_name,last_name,email,gender,ip_address
id,first_name,last_name,email,gender,ip_address
id,first_name,last_name,email,gender,ip_address
id,first_name,last_name,email,gender,ip_address
id,first_name,last_name,email,gender,ip_address
id,first_name,last_name,email,gender,ip_address
id,first_name,last_name,email,gender,ip_address
id,first_name,last_name,email,gender,ip_address
id,first_name,last_name,email,gender,ip_address
id,first_name,last_name,email,gender,ip_address
id,first_name,last_name,email,gender,ip_address
id,first_name,last_name,email,gender,ip_address
id,first_name,last_name,email,gender,ip_address
id,first_name,last_name,email,gender,ip_address
id,first_name,last_name,email,gender,ip_address
id,first_name,last_name,email,gender,ip_address
id,first_name,last_name,email,gender,ip_address
id,first_name,last_name,email,gender,ip_address
id,first_name,last_name,email,gender,ip_address
id,first_name,last_name,email,gender,ip_address
id,first_name,last_name,email,gender,ip_address
id,first_name,last_name,email,gender,ip_address
id,first_name,last_name,email,gender,ip_address
id,first_name,last_name,email,gender,ip_address
id,first_name,last_name,email,gender,ip_address
id,first_name,last_name,email,gender,ip_address
id,first_name,last_name,email,gender,ip_address
id,first_name,last_name,email,gender,ip_address
id,first_name,last_name,email,gender,ip_address
id,first_name,last_name,email,gender,ip_address
id,first_name,last_name,email,gender,ip_address
id,first_name,last_name,email,gender,ip_address
id,first_name,last_name,email,gender,ip_address
id,first_name,last_name,email,gender,ip_address
id,first_name,last_name,email,gender,ip_address
id,first_name,last_name,email,gender,ip_address
id,first_name,last_name,email,gender,ip_address
id,first_name,last_name,email,gender,ip_address
id,first_name,last_name,email,gender,ip_address
id,first_name,last_name,email,gender,ip_address
id,first_name,last_name,email,gender,ip_address
id,first_name,last_name,email,gender,ip_address
id,first_name,last_name,email,gender,ip_address
id,first_name,last_name,email,gender,ip_address
id,first_name,last_name,email,gender,ip_address
id,first_name,last_name,email,gender,ip_address
id,first_name,last_name,email,gender,ip_address
id,first_name,last_name,email,gender,ip_address
id,first_name,last_name,email,gender,ip_address
id,first_name,last_name,email,gender,ip_address
id,first_name,last_name,email,gender,ip_address
id,first_name,last_name,email,gender,ip_address
id,first_name,last_name,email,gender,ip_address
id,first_name,last_name,email,gender,ip_address
id,first_name,last_name,email,gender,ip_address
id,first_name,last_name,email,gender,ip_address
id,first_name,last_name,email,gender,ip_address
id,first_name,last_name,email,gender,ip_address
id,first_name,last_name,email,gender,ip_address
id,first_name,last_name,email,gender,ip_address
id,first_name,last_name,email,gender,ip_address
id,first_name,last_name,email,gender,ip_address
id,first_name,last_name,email,gender,ip_address
id,first_name,last_name,email,gender,ip_address
id,first_name,last_name,email,gender,ip_address
id,first_name,last_name,email,gender,ip_address
id,first_name,last_name,email,gender,ip_address
id,first_name,last_name,email,gender,ip_address
id,first_name,last_name,email,gender,ip_address
id,first_name,last_name,email,gender,ip_address
id,first_name,last_name,email,gender,ip_address
id,first_name,last_name,email,gender,ip_address
id,first_name,last_name,email,gender,ip_address
id,first_name,last_name,email,gender,ip_address
id,first_name,last_name,email,gender,ip_address
id,first_name,last_name,email,gender,ip_address
id,first_name,last_name,email,gender,ip_address
id,first_name,last_name,email,gender,ip_address
id,first_name,last_name,email,gender,ip_address
id,first_name,last_name,email,gender,ip_address
id,first_name,last_name,email,gender,ip_address
id,first_name,last_name,email,gender,ip_address
id,first_name,last_name,email,gender,ip_address
id,first_name,last_name,email,gender,ip_address
id,first_name,last_name,email,gender,ip_address
id,first_name,last_name,email,gender,ip_address
id,first_name,last_name,email,gender,ip_address
id,first_name,last_name,email,gender,ip_address
id,first_name,last_name,email,gender,ip_address
id,first_name,last_name,email,gender,ip_address
id,first_name,last_name,email,gender,ip_address
id,first_name,last_name,email,gender,ip_address
id,first_name,last_name,email,gender,ip_address
id,first_name,last_name,email,gender,ip_address
id,first_name,last_name,email,gender,ip_address
id,first_name,last_name,email,gender,ip_address
id,first_name,last_name,email,gender,ip_address
id,first_name,last_name,email,gender,ip_address
id,first_name,last_name,email,gender,ip_address
id,first_name,last_name,email,gender,ip_address
id,first_name,last_name,email,gender,ip_address
id,first_name,last_name,email,gender,ip_address
id,first_name,last_name,email,gender,ip_address
id,first_name,last_name,email,gender,ip_address
id,first_name,last_name,email,gender,ip_address
id,first_name,last_name,email,gender,ip_address
id,first_name,last_name,email,gender,ip_address
id,first_name,last_name,email,gender,ip_address
id,first_name,last_name,email,gender,ip_address
id,first_name,last_name,email,gender,ip_address
id,first_name,last_name,email,gender,ip_address
id,first_name,last_name,email,gender,ip_address
id,first_name,last_name,email,gender,ip_address
id,first_name,last_name,email,gender,ip_address
id,first_name,last_name,email,gender,ip_address
id,first_name,last_name,email,gender,ip_address
id,first_name,last_name,email,gender,ip_address
id,first_name,last_name,email,gender,ip_address
id,first_name,last_name,email,gender,ip_address
id,first_name,last_name,email,gender,ip_address
id,first_name,last_name,email,gender,ip_address
id,first_name,last_name,email,gender,ip_address
id,first_name,last_name,email,gender,ip_address
id,first_name,last_name,email,gender,ip_address
id,first_name,last_name,email,gender,ip_address
id,first_name,last_name,email,gender,ip_address
id,first_name,last_name,email,gender,ip_address
id,first_name,last_name,email,gender,ip_address
id,first_name,last_name,email,gender,ip_address
id,first_name,last_name,email,gender,ip_address
id,first_name,last_name,email,gender,ip_address
id,first_name,last_name,email,gender,ip_address
id,first_name,last_name,email,gender,ip_address
id,first_name,last_name,email,gender,ip_address
id,first_name,last_name,email,gender,ip_address
id,first_name,last_name,email,gender,ip_address
id,first_name,last_name,email,gender,ip_address
id,first_name,last_name,email,gender,ip_address
id,first_name,last_name,email,gender,ip_address
id,first_name,last_name,email,gender,ip_address
id,first_name,last_name,email,gender,ip_address
id,first_name,last_name,email,gender,ip_address
id,first_name,last_name,email,gender,ip_address
id,first_name,last_name,email,gender,ip_address
id,first_name,last_name,email,gender,ip_address
id,first_name,last_name,email,gender,ip_address
id,first_name,last_name,email,gender,ip_address
id,first_name,last_name,email,gender,ip_address
id,first_name,last_name,email,gender,ip_address
id,first_name,last_name,email,gender,ip_address
id,first_name,last_name,email,gender,ip_address
id,first_name,last_name,email,gender,ip_address
id,first_name,last_name,email,gender,ip_address
id,first_name,last_name,email,gender,ip_address
id,first_name,last_name,email,gender,ip_address
id,first_name,last_name,email,gender,ip_address
id,first_name,last_name,email,gender,ip_address
id,first_name,last_name,email,gender,ip_address
id,first_name,last_name,email,gender,ip_address
id,first_name,last_name,email,gender,ip_address
id,first_name,last_name,email,gender,ip_address
id,first_name,last_name,email,gender,ip_address
id,first_name,last_name,email,gender,ip_address
id,first_name,last_name,email,gender,ip_address
id,first_name,last_name,email,gender,ip_address
id,first_name,last_name,email,gender,ip_address
id,first_name,last_name,email,gender,ip_address
id,first_name,last_name,email,gender,ip_address
id,first_name,last_name,email,gender,ip_address
id,first_name,last_name,email,gender,ip_address
id,first_name,last_name,email,gender,ip_address
id,first_name,last_name,email,gender,ip_address
id,first_name,last_name,email,gender,ip_address
id,first_name,last_name,email,gender,ip_address
id,first_name,last_name,email,gender,ip_address
id,first_name,last_name,email,gender,ip_address
id,first_name,last_name,email,gender,ip_address
id,first_name,last_name,email,gender,ip_address
id,first_name,last_name,email,gender,ip_address
id,first_name,last_name,email,gender,ip_address
id,first_name,last_name,email,gender,ip_address
id,first_name,last_name,email,gender,ip_address
id,first_name,last_name,email,gender,ip_address
id,first_name,last_name,email,gender,ip_address
id,first_name,last_name,email,gender,ip_address
id,first_name,last_name,email,gender,ip_address
id,first_name,last_name,email,gender,ip_address
id,first_name,last_name,email,gender,ip_address
id,first_name,last_name,email,gender,ip_address
id,first_name,last_name,email,gender,ip_address
id,first_name,last_name,email,gender,ip_address
id,first_name,last_name,email,gender,ip_address
id,first_name,last_name,email,gender,ip_address
id,first_name,last_name,email,gender,ip_address
id,first_name,last_name,email,gender,ip_address
id,first_name,last_name,email,gender,ip_address
id,first_name,last_name,email,gender,ip_address
id,first_name,last_name,email,gender,ip_address
id,first_name,last_name,email,gender,ip_address
id,first_name,last_name,email,gender,ip_address
id,first_name,last_name,email,gender,ip_address
id,first_name,last_name,email,gender,ip_address
id,first_name,last_name,email,gender,ip_address
id,first_name,last_name,email,gender,ip_address
id,first_name,last_name,email,gender,ip_address
id,first_name,last_name,email,gender,ip_address
id,first_name,last_name,email,gender,ip_address
id,first_name,last_name,email,gender,ip_address
id,first_name,last_name,email,gender,ip_address
id,first_name,last_name,email,gender,ip_address
id,first_name,last_name,email,gender,ip_address
id,first_name,last_name,email,gender,ip_address
id,first_name,last_name,email,gender,ip_address
id,first_name,last_name,email,gender,ip_address
id,first_name,last_name,email,gender,ip_address
id,first_name,last_name,email,gender,ip_address
id,first_name,last_name,email,gender,ip_address
id,first_name,last_name,email,gender,ip_address
id,first_name,last_name,email,gender,ip_address
id,first_name,last_name,email,gender,ip_address
id,first_name,last_name,email,gender,ip_address
id,first_name,last_name,email,gender,ip_address
id,first_name,last_name,email,gender,ip_address
id,first_name,last_name,email,gender,ip_address
id,first_name,last_name,email,gender,ip_address
id,first_name,last_name,email,gender,ip_address
id,first_name,last_name,email,gender,ip_address
id,first_name,last_name,email,gender,ip_address
id,first_name,last_name,email,gender,ip_address
id,first_name,last_name,email,gender,ip_address
id,first_name,last_name,email,gender,ip_address
id,first_name,last_name,email,gender,ip_address
id,first_name,last_name,email,gender,ip_address
id,first_name,last_name,email,gender,ip_address
id,first_name,last_name,email,gender,ip_address
id,first_name,last_name,email,gender,ip_address
id,first_name,last_name,email,gender,ip_address
id,first_name,last_name,email,gender,ip_address
id,first_name,last_name,email,gender,ip_address
id,first_name,last_name,email,gender,ip_address
id,first_name,last_name,email,gender,ip_address
id,first_name,last_name,email,gender,ip_address
id,first_name,last_name,email,gender,ip_address
id,first_name,last_name,email,gender,ip_address
id,first_name,last_name,email,gender,ip_address
id,first_name,last_name,email,gender,ip_address
id,first_name,last_name,email,gender,ip_address
id,first_name,last_name,email,gender,ip_address
id,first_name,last_name,email,gender,ip_address
id,first_name,last_name,email,gender,ip_address
id,first_name,last_name,email,gender,ip_address
id,first_name,last_name,email,gender,ip_address
id,first_name,last_name,email,gender,ip_address
id,first_name,last_name,email,gender,ip_address
id,first_name,last_name,email,gender,ip_address
id,first_name,last_name,email,gender,ip_address
id,first_name,last_name,email,gender,ip_address
id,first_name,last_name,email,gender,ip_address
id,first_name,last_name,email,gender,ip_address
id,first_name,last_name,email,gender,ip_address
id,first_name,last_name,email,gender,ip_address
id,first_name,last_name,email,gender,ip_address
id,first_name,last_name,email,gender,ip_address
id,first_name,last_name,email,gender,ip_address
id,first_name,last_name,email,gender,ip_address
id,first_name,last_name,email,gender,ip_address
id,first_name,last_name,email,gender,ip_address
id,first_name,last_name,email,gender,ip_address
id,first_name,last_name,email,gender,ip_address
id,first_name,last_name,email,gender,ip_address
id,first_name,last_name,email,gender,ip_address
id,first_name,last_name,email,gender,ip_address
id,first_name,last_name,email,gender,ip_address
id,first_name,last_name,email,gender,ip_address
id,first_name,last_name,email,gender,ip_address
id,first_name,last_name,email,gender,ip_address
id,first_name,last_name,email,gender,ip_address
id,first_name,last_name,email,gender,ip_address
id,first_name,last_name,email,gender,ip_address
id,first_name,last_name,email,gender,ip_address
id,first_name,last_name,email,gender,ip_address
id,first_name,last_name,email,gender,ip_address
id,first_name,last_name,email,gender,ip_address
id,first_name,last_name,email,gender,ip_address
id,first_name,last_name,email,gender,ip_address
id,first_name,last_name,email,gender,ip_address
id,first_name,last_name,email,gender,ip_address
id,first_name,last_name,email,gender,ip_address
id,first_name,last_name,email,gender,ip_address
id,first_name,last_name,email,gender,ip_address
id,first_name,last_name,email,gender,ip_address
id,first_name,last_name,email,gender,ip_address
id,first_name,last_name,email,gender,ip_address
id,first_name,last_name,email,gender,ip_address
id,first_name,last_name,email,gender,ip_address
id,first_name,last_name,email,gender,ip_address
id,first_name,last_name,email,gender,ip_address
id,first_name,last_name,email,gender,ip_address
id,first_name,last_name,email,gender,ip_address
id,first_name,last_name,email,gender,ip_address
id,first_name,last_name,email,gender,ip_address
id,first_name,last_name,email,gender,ip_address
id,first_name,last_name,email,gender,ip_address
id,first_name,last_name,email,gender,ip_address
id,first_name,last_name,email,gender,ip_address
id,first_name,last_name,email,gender,ip_address
id,first_name,last_name,email,gender,ip_address
id,first_name,last_name,email,gender,ip_address
id,first_name,last_name,email,gender,ip_address
id,first_name,last_name,email,gender,ip_address
id,first_name,last_name,email,gender,ip_address
id,first_name,last_name,email,gender,ip_address
id,first_name,last_name,email,gender,ip_address
id,first_name,last_name,email,gender,ip_address
id,first_name,last_name,email,gender,ip_address
id,first_name,last_name,email,gender,ip_address
id,first_name,last_name,email,gender,ip_address
id,first_name,last_name,email,gender,ip_address
id,first_name,last_name,email,gender,ip_address
id,first_name,last_name,email,gender,ip_address
id,first_name,last_name,email,gender,ip_address
id,first_name,last_name,email,gender,ip_address
id,first_name,last_name,email,gender,ip_address
id,first_name,last_name,email,gender,ip_address
id,first_name,last_name,email,gender,ip_address
id,first_name,last_name,email,gender,ip_address
id,first_name,last_name,email,gender,ip_address
id,first_name,last_name,email,gender,ip_address
id,first_name,last_name,email,gender,ip_address
id,first_name,last_name,email,gender,ip_address
id,first_name,last_name,email,gender,ip_address
id,first_name,last_name,email,gender,ip_address
id,first_name,last_name,email,gender,ip_address
id,first_name,last_name,email,gender,ip_address
id,first_name,last_name,email,gender,ip_address
id,first_name,last_name,email,gender,ip_address
id,first_name,last_name,email,gender,ip_address
id,first_name,last_name,email,gender,ip_address
id,first_name,last_name,email,gender,ip_address
id,first_name,last_name,email,gender,ip_address
id,first_name,last_name,email,gender,ip_address
id,first_name,last_name,email,gender,ip_address
id,first_name,last_name,email,gender,ip_address
id,first_name,last_name,email,gender,ip_address
id,first_name,last_name,email,gender,ip_address
id,first_name,last_name,email,gender,ip_address
id,first_name,last_name,email,gender,ip_address
id,first_name,last_name,email,gender,ip_address
id,first_name,last_name,email,gender,ip_address
id,first_name,last_name,email,gender,ip_address
id,first_name,last_name,email,gender,ip_address
id,first_name,last_name,email,gender,ip_address
id,first_name,last_name,email,gender,ip_address
id,first_name,last_name,email,gender,ip_address
id,first_name,last_name,email,gender,ip_address
id,first_name,last_name,email,gender,ip_address
id,first_name,last_name,email,gender,ip_address
id,first_name,last_name,email,gender,ip_address
id,first_name,last_name,email,gender,ip_address
id,first_name,last_name,email,gender,ip_address
id,first_name,last_name,email,gender,ip_address
id,first_name,last_name,email,gender,ip_address
id,first_name,last_name,email,gender,ip_address
id,first_name,last_name,email,gender,ip_address
id,first_name,last_name,email,gender,ip_address
id,first_name,last_name,email,gender,ip_address
id,first_name,last_name,email,gender,ip_address
id,first_name,last_name,email,gender,ip_address
id,first_name,last_name,email,gender,ip_address
id,first_name,last_name,email,gender,ip_address
id,first_name,last_name,email,gender,ip_address
id,first_name,last_name,email,gender,ip_address
id,first_name,last_name,email,gender,ip_address
id,first_name,last_name,email,gender,ip_address
id,first_name,last_name,email,gender,ip_address
id,first_name,last_name,email,gender,ip_address
id,first_name,last_name,email,gender,ip_address
id,first_name,last_name,email,gender,ip_address
id,first_name,last_name,email,gender,ip_address
id,first_name,last_name,email,gender,ip_address
id,first_name,last_name,email,gender,ip_address
id,first_name,last_name,email,gender,ip_address
id,first_name,last_name,email,gender,ip_address
id,first_name,last_name,email,gender,ip_address
id,first_name,last_name,email,gender,ip_address
id,first_name,last_name,email,gender,ip_address
id,first_name,last_name,email,gender,ip_address
id,first_name,last_name,email,gender,ip_address
id,first_name,last_name,email,gender,ip_address
id,first_name,last_name,email,gender,ip_address
id,first_name,last_name,email,gender,ip_address
id,first_name,last_name,email,gender,ip_address
id,first_name,last_name,email,gender,ip_address
id,first_name,last_name,email,gender,ip_address
id,first_name,last_name,email,gender,ip_address
id,first_name,last_name,email,gender,ip_address
id,first_name,last_name,email,gender,ip_address
id,first_name,last_name,email,gender,ip_address
id,first_name,last_name,email,gender,ip_address
id,first_name,last_name,email,gender,ip_address
id,first_name,last_name,email,gender,ip_address
id,first_name,last_name,email,gender,ip_address
id,first_name,last_name,email,gender,ip_address
id,first_name,last_name,email,gender,ip_address
id,first_name,last_name,email,gender,ip_address
id,first_name,last_name,email,gender,ip_address
id,first_name,last_name,email,gender,ip_address
id,first_name,last_name,email,gender,ip_address
id,first_name,last_name,email,gender,ip_address
id,first_name,last_name,email,gender,ip_address
id,first_name,last_name,email,gender,ip_address
id,first_name,last_name,email,gender,ip_address
id,first_name,last_name,email,gender,ip_address
id,first_name,last_name,email,gender,ip_address
id,first_name,last_name,email,gender,ip_address
id,first_name,last_name,email,gender,ip_address
id,first_name,last_name,email,gender,ip_address
id,first_name,last_name,email,gender,ip_address
id,first_name,last_name,email,gender,ip_address
id,first_name,last_name,email,gender,ip_address
id,first_name,last_name,email,gender,ip_address
id,first_name,last_name,email,gender,ip_address
id,first_name,last_name,email,gender,ip_address
id,first_name,last_name,email,gender,ip_address
id,first_name,last_name,email,gender,ip_address
id,first_name,last_name,email,gender,ip_address
id,first_name,last_name,email,gender,ip_address
id,first_name,last_name,email,gender,ip_address
id,first_name,last_name,email,gender,ip_address
id,first_name,last_name,email,gender,ip_address
id,first_name,last_name,email,gender,ip_address
id,first_name,last_name,email,gender,ip_address
id,first_name,last_name,email,gender,ip_address
id,first_name,last_name,email,gender,ip_address
id,first_name,last_name,email,gender,ip_address
id,first_name,last_name,email,gender,ip_address
id,first_name,last_name,email,gender,ip_address
id,first_name,last_name,email,gender,ip_address
id,first_name,last_name,email,gender,ip_address
id,first_name,last_name,email,gender,ip_address
id,first_name,last_name,email,gender,ip_address
id,first_name,last_name,email,gender,ip_address
id,first_name,last_name,email,gender,ip_address
id,first_name,last_name,email,gender,ip_address
id,first_name,last_name,email,gender,ip_address
id,first_name,last_name,email,gender,ip_address
id,first_name,last_name,email,gender,ip_address
id,first_name,last_name,email,gender,ip_address
id,first_name,last_name,email,gender,ip_address
id,first_name,last_name,email,gender,ip_address
id,first_name,last_name,email,gender,ip_address
id,first_name,last_name,email,gender,ip_address
id,first_name,last_name,email,gender,ip_address
id,first_name,last_name,email,gender,ip_address
id,first_name,last_name,email,gender,ip_address
id,first_name,last_name,email,gender,ip_address
id,first_name,last_name,email,gender,ip_address
id,first_name,last_name,email,gender,ip_address
id,first_name,last_name,email,gender,ip_address
id,first_name,last_name,email,gender,ip_address
id,first_name,last_name,email,gender,ip_address
id,first_name,last_name,email,gender,ip_address
id,first_name,last_name,email,gender,ip_address
id,first_name,last_name,email,gender,ip_address
id,first_name,last_name,email,gender,ip_address
id,first_name,last_name,email,gender,ip_address
id,first_name,last_name,email,gender,ip_address
id,first_name,last_name,email,gender,ip_address
id,first_name,last_name,email,gender,ip_address
id,first_name,last_name,email,gender,ip_address
id,first_name,last_name,email,gender,ip_address
id,first_name,last_name,email,gender,ip_address
id,first_name,last_name,email,gender,ip_address
id,first_name,last_name,email,gender,ip_address
id,first_name,last_name,email,gender,ip_address
id,first_name,last_name,email,gender,ip_address
id,first_name,last_name,email,gender,ip_address
id,first_name,last_name,email,gender,ip_address
id,first_name,last_name,email,gender,ip_address
id,first_name,last_name,email,gender,ip_address
id,first_name,last_name,email,gender,ip_address
id,first_name,last_name,email,gender,ip_address
id,first_name,last_name,email,gender,ip_address
id,first_name,last_name,email,gender,ip_address
id,first_name,last_name,email,gender,ip_address
id,first_name,last_name,email,gender,ip_address
id,first_name,last_name,email,gender,ip_address
id,first_name,last_name,email,gender,ip_address
id,first_name,last_name,email,gender,ip_address
id,first_name,last_name,email,gender,ip_address
id,first_name,last_name,email,gender,ip_address
id,first_name,last_name,email,gender,ip_address
id,first_name,last_name,email,gender,ip_address
id,first_name,last_name,email,gender,ip_address
id,first_name,last_name,email,gender,ip_address
id,first_name,last_name,email,gender,ip_address
id,first_name,last_name,email,gender,ip_address
id,first_name,last_name,email,gender,ip_address
id,first_name,last_name,email,gender,ip_address
id,first_name,last_name,email,gender,ip_address
id,first_name,last_name,email,gender,ip_address
id,first_name,last_name,email,gender,ip_address
id,first_name,last_name,email,gender,ip_address
id,first_name,last_name,email,gender,ip_address
id,first_name,last_name,email,gender,ip_address
id,first_name,last_name,email,gender,ip_address
id,first_name,last_name,email,gender,ip_address
id,first_name,last_name,email,gender,ip_address
id,first_name,last_name,email,gender,ip_address
id,first_name,last_name,email,gender,ip_address
id,first_name,last_name,email,gender,ip_address
id,first_name,last_name,email,gender,ip_address
id,first_name,last_name,email,gender,ip_address
id,first_name,last_name,email,gender,ip_address
id,first_name,last_name,email,gender,ip_address
id,first_name,last_name,email,gender,ip_address
id,first_name,last_name,email,gender,ip_address
id,first_name,last_name,email,gender,ip_address
id,first_name,last_name,email,gender,ip_address
id,first_name,last_name,email,gender,ip_address
id,first_name,last_name,email,gender,ip_address
id,first_name,last_name,email,gender,ip_address
id,first_name,last_name,email,gender,ip_address
id,first_name,last_name,email,gender,ip_address
id,first_name,last_name,email,gender,ip_address
id,first_name,last_name,email,gender,ip_address
id,first_name,last_name,email,gender,ip_address
id,first_name,last_name,email,gender,ip_address
id,first_name,last_name,email,gender,ip_address
id,first_name,last_name,email,gender,ip_address
id,first_name,last_name,email,gender,ip_address
id,first_name,last_name,email,gender,ip_address
id,first_name,last_name,email,gender,ip_address
id,first_name,last_name,email,gender,ip_address
id,first_name,last_name,email,gender,ip_address
id,first_name,last_name,email,gender,ip_address
id,first_name,last_name,email,gender,ip_address
id,first_name,last_name,email,gender,ip_address
id,first_name,last_name,email,gender,ip_address
id,first_name,last_name,email,gender,ip_address
id,first_name,last_name,email,gender,ip_address
id,first_name,last_name,email,gender,ip_address
id,first_name,last_name,email,gender,ip_address
id,first_name,last_name,email,gender,ip_address
id,first_name,last_name,email,gender,ip_address
id,first_name,last_name,email,gender,ip_address
id,first_name,last_name,email,gender,ip_address
id,first_name,last_name,email,gender,ip_address
id,first_name,last_name,email,gender,ip_address
id,first_name,last_name,email,gender,ip_address
id,first_name,last_name,email,gender,ip_address
id,first_name,last_name,email,gender,ip_address
id,first_name,last_name,email,gender,ip_address
id,first_name,last_name,email,gender,ip_address
id,first_name,last_name,email,gender,ip_address
id,first_name,last_name,email,gender,ip_address
id,first_name,last_name,email,gender,ip_address
id,first_name,last_name,email,gender,ip_address
id,first_name,last_name,email,gender,ip_address
id,first_name,last_name,email,gender,ip_address
id,first_name,last_name,email,gender,ip_address
id,first_name,last_name,email,gender,ip_address
id,first_name,last_name,email,gender,ip_address
id,first_name,last_name,email,gender,ip_address
id,first_name,last_name,email,gender,ip_address
id,first_name,last_name,email,gender,ip_address
id,first_name,last_name,email,gender,ip_address
id,first_name,last_name,email,gender,ip_address
id,first_name,last_name,email,gender,ip_address
id,first_name,last_name,email,gender,ip_address
id,first_name,last_name,email,gender,ip_address
id,first_name,last_name,email,gender,ip_address
id,first_name,last_name,email,gender,ip_address
id,first_name,last_name,email,gender,ip_address
id,first_name,last_name,email,gender,ip_address
id,first_name,last_name,email,gender,ip_address
id,first_name,last_name,email,gender,ip_address
id,first_name,last_name,email,gender,ip_address
id,first_name,last_name,email,gender,ip_address
id,first_name,last_name,email,gender,ip_address
id,first_name,last_name,email,gender,ip_address
id,first_name,last_name,email,gender,ip_address
id,first_name,last_name,email,gender,ip_address
id,first_name,last_name,email,gender,ip_address
id,first_name,last_name,email,gender,ip_address
id,first_name,last_name,email,gender,ip_address
id,first_name,last_name,email,gender,ip_address
id,first_name,last_name,email,gender,ip_address
id,first_name,last_name,email,gender,ip_address
id,first_name,last_name,email,gender,ip_address
id,first_name,last_name,email,gender,ip_address
id,first_name,last_name,email,gender,ip_address
id,first_name,last_name,email,gender,ip_address
id,first_name,last_name,email,gender,ip_address
id,first_name,last_name,email,gender,ip_address
id,first_name,last_name,email,gender,ip_address
id,first_name,last_name,email,gender,ip_address
id,first_name,last_name,email,gender,ip_address
id,first_name,last_name,email,gender,ip_address
id,first_name,last_name,email,gender,ip_address
id,first_name,last_name,email,gender,ip_address
